{"cameraMode":{"drawMode":0,"name":"Shaded","section":"Shading Mode"},"sceneLighting":true,"audioPlay":false,"sceneViewState":{"showFog":true,"showMaterialUpdate":true,"showSkybox":true,"showFlares":true,"showImageEffects":true,"showParticleSystems":true},"in2DMode":false,"pivot":{"x":-79.64984130859375,"y":-205.02883911132813,"z":158.4835205078125},"rotation":{"x":0.42154496908187868,"y":-0.25632375478744509,"z":0.12554584443569184,"w":0.8607367277145386},"size":279.04803466796877,"orthographic":false}